,PDB_IDS,Domains,Active_Sites,Type Protein
0,5B43,RuvC,D908;E993;D1263;,AsCas12a
1,8D49,RuvC,D848;E1063;D1213;,SuCas12a2
2,5U30,RuvC,D570;E848;D977;,AacCas12b
3,7V94,RuvC,D928;E1014;D1201;,UnCas12c2
4,7VYX,RuvC,D969;E1060;D1266;,Cas12c1
5,7WB1,RuvC,D659;E756;D922;,PlmCas12e
6,7C7L,RuvC,D326;E422;D510;,Un1Cas12f1
7,6XMF,RuvC,D513;E655;D745;,LbCas12g
8,6W5C,RuvC,D647;E894;D1074;,Cas12i1
9,7LYS,RuvC,D394;E606;D695;,Cas12j2
10,7N3O,RuvC-i,S447;P567;S640;,ShCas12k
11,8DC2,RuvC,D336;E530;D682;,Cas12Lambda2
12,8HHL,RuvC,H317-i;D579;,MmCas12m
13,8HHL,RuvC-i,D485;,MmCas12m
14,8DZJ,RuvC,D225;E324;D401;,Cas12U3
15,5XWP,HEPN1,R472;H477;,LbuCas13a
16,5XWP,HEPN2,R1048;H1053;,LbuCas13a
17,6IV9,HEPN1,R239;H244;,RfxCas13d
18,6IV9,HEPN2,R858;H863;,RfxCas13d
19,5F9R,RuvC,D10;E769;D986;,SpyCas9a
20,5F9R,HNH,D839;H840;N863;,SpyCas9a
21,5B2O,RuvC,D11;E898;D1165;,FnCas9b
22,5B2O,HNH,D968;H969;N995;,FnCas9b
23,6JFU,RuvC,D16;E504;D726;,Nme2Cas9c
24,6JFU,HNH,D587;H588;N611;,Nme2Cas9c
25,8EXA,RuvC,D191;E278;D361;,TnpB
26,5CZZ,RuvC,D10;E477;D704;,SauCas9
27,5CZZ,HNH,D556;H557;N580;,SauCas9
28,5X2G,RuvC,D8;E479;D710;,CjeCas9
29,5X2G,HNH,D558;H559;N582;,CjeCas9
30,5ID6,RuvC,D850;E943;D1198;,LbCas12a
31,,HEPN1,"R127,H132",Cas13an2
32,,HEPN2,"R362,H368",Cas13an2