Type Protein,Browser_Command
Un1Cas12f1,"{locus:'Un1Cas12f1_MK005734:24135-28724',reference:{""id"":""Un1Cas12f1_MK005734"",""name"":""Un1Cas12f1_MK005734"",""fastaURL"":""https://igvtest.s3.us-west-1.amazonaws.com/Un1Cas12f1_MK005734.fasta"",""indexURL"":""https://igvtest.s3.us-west-1.amazonaws.com/Un1Cas12f1_MK005734.fasta.fai"",""tracks"":[{""name"":""RefseqGenes"",""url"":""https://igvtest.s3.us-west-1.amazonaws.com/Un1Cas12f1_MK005734.gff"",""indexed"":false,""format"":'gff3',""displayMode"":""SQUISHED"",colorBy:""type"",colorTable:{""CDS"":""yellow"",""ORF"":""yellow"",""gene"":""green"",""tRNA"":""pink"",""dr"":""black"",""dr2"":""black"",""DR"":""black"",""repeat_region"":""black"",""*"":""grey""}}]},roi:[{name:""Un1Cas12f1"",color:""rgba(3,52,249,0.25)"",features:[{chr:""Un1Cas12f1_MK005734"",start:25635,end:27224},]}]}"
PlmCas12e,"{locus:'PlmCas12e_MHYZ01000150:1150-7086',reference:{""id"":""PlmCas12e_MHYZ01000150"",""name"":""PlmCas12e_MHYZ01000150"",""fastaURL"":""https://igvtest.s3.us-west-1.amazonaws.com/PlmCas12e_MHYZ01000150.fasta"",""indexURL"":""https://igvtest.s3.us-west-1.amazonaws.com/PlmCas12e_MHYZ01000150.fasta.fai"",""tracks"":[{""name"":""RefseqGenes"",""url"":""https://igvtest.s3.us-west-1.amazonaws.com/PlmCas12e_MHYZ01000150.gff"",""indexed"":false,""format"":'gff3',""displayMode"":""SQUISHED"",colorBy:""type"",colorTable:{""CDS"":""yellow"",""ORF"":""yellow"",""gene"":""green"",""tRNA"":""pink"",""dr"":""black"",""dr2"":""black"",""DR"":""black"",""repeat_region"":""black"",""*"":""grey""}}]},roi:[{name:""PlmCas12e"",color:""rgba(3,52,249,0.25)"",features:[{chr:""PlmCas12e_MHYZ01000150"",start:2650,end:5586},]}]}"
SuCas12a2,"{locus:'SuCas12a2_JQIT01000003:23618-30316',reference:{""id"":""SuCas12a2_JQIT01000003"",""name"":""SuCas12a2_JQIT01000003"",""fastaURL"":""https://igvtest.s3.us-west-1.amazonaws.com/SuCas12a2_JQIT01000003.fasta"",""indexURL"":""https://igvtest.s3.us-west-1.amazonaws.com/SuCas12a2_JQIT01000003.fasta.fai"",""tracks"":[{""name"":""RefseqGenes"",""url"":""https://igvtest.s3.us-west-1.amazonaws.com/SuCas12a2_JQIT01000003.gff"",""indexed"":false,""format"":'gff3',""displayMode"":""SQUISHED"",colorBy:""type"",colorTable:{""CDS"":""yellow"",""ORF"":""yellow"",""gene"":""green"",""tRNA"":""pink"",""dr"":""black"",""dr2"":""black"",""DR"":""black"",""repeat_region"":""black"",""*"":""grey""}}]},roi:[{name:""SuCas12a2"",color:""rgba(3,52,249,0.25)"",features:[{chr:""SuCas12a2_JQIT01000003"",start:25118,end:28816},]}]}"
RfxCas13d,"{locus:'RfxCas13d_FPJT01000005:3411-9314',reference:{""id"":""RfxCas13d_FPJT01000005"",""name"":""RfxCas13d_FPJT01000005"",""fastaURL"":""https://igvtest.s3.us-west-1.amazonaws.com/RfxCas13d_FPJT01000005.fasta"",""indexURL"":""https://igvtest.s3.us-west-1.amazonaws.com/RfxCas13d_FPJT01000005.fasta.fai"",""tracks"":[{""name"":""RefseqGenes"",""url"":""https://igvtest.s3.us-west-1.amazonaws.com/RfxCas13d_FPJT01000005.gff"",""indexed"":false,""format"":'gff3',""displayMode"":""SQUISHED"",colorBy:""type"",colorTable:{""CDS"":""yellow"",""ORF"":""yellow"",""gene"":""green"",""tRNA"":""pink"",""dr"":""black"",""dr2"":""black"",""DR"":""black"",""repeat_region"":""black"",""*"":""grey""}}]},roi:[{name:""RfxCas13d"",color:""rgba(3,52,249,0.25)"",features:[{chr:""RfxCas13d_FPJT01000005"",start:4911,end:7814},]}]}"
Cas12i1,"{locus:'Cas12i1_Ga0453123_00000261to103733:20518-26799',reference:{""id"":""Cas12i1_Ga0453123_00000261to103733"",""name"":""Cas12i1_Ga0453123_00000261to103733"",""fastaURL"":""https://igvtest.s3.us-west-1.amazonaws.com/Cas12i1_Ga0453123_00000261to103733.fasta"",""indexURL"":""https://igvtest.s3.us-west-1.amazonaws.com/Cas12i1_Ga0453123_00000261to103733.fasta.fai"",""tracks"":[{""name"":""RefseqGenes"",""url"":""https://igvtest.s3.us-west-1.amazonaws.com/Cas12i1_Ga0453123_00000261to103733.gff"",""indexed"":false,""format"":'gff3',""displayMode"":""SQUISHED"",colorBy:""type"",colorTable:{""CDS"":""yellow"",""ORF"":""yellow"",""gene"":""green"",""tRNA"":""pink"",""dr"":""black"",""dr2"":""black"",""DR"":""black"",""repeat_region"":""black"",""*"":""grey""}}]},roi:[{name:""Cas12i1"",color:""rgba(3,52,249,0.25)"",features:[{chr:""Cas12i1_Ga0453123_00000261to103733"",start:22018,end:25299},]}]}"
Nme2Cas9c,"{locus:'Nme2Cas9c_NC_017501:9271-15519',reference:{""id"":""Nme2Cas9c_NC_017501"",""name"":""Nme2Cas9c_NC_017501"",""fastaURL"":""https://igvtest.s3.us-west-1.amazonaws.com/Nme2Cas9c_NC_017501.fasta"",""indexURL"":""https://igvtest.s3.us-west-1.amazonaws.com/Nme2Cas9c_NC_017501.fasta.fai"",""tracks"":[{""name"":""RefseqGenes"",""url"":""https://igvtest.s3.us-west-1.amazonaws.com/Nme2Cas9c_NC_017501.gff"",""indexed"":false,""format"":'gff3',""displayMode"":""SQUISHED"",colorBy:""type"",colorTable:{""CDS"":""yellow"",""ORF"":""yellow"",""gene"":""green"",""tRNA"":""pink"",""dr"":""black"",""dr2"":""black"",""DR"":""black"",""repeat_region"":""black"",""*"":""grey""}}]},roi:[{name:""Nme2Cas9c"",color:""rgba(3,52,249,0.25)"",features:[{chr:""Nme2Cas9c_NC_017501"",start:10771,end:14019},]}]}"
LwaCas13a,"{locus:'LwaCas13a_NZ_KI271421:64314-70772',reference:{""id"":""LwaCas13a_NZ_KI271421"",""name"":""LwaCas13a_NZ_KI271421"",""fastaURL"":""https://igvtest.s3.us-west-1.amazonaws.com/LwaCas13a_NZ_KI271421.fasta"",""indexURL"":""https://igvtest.s3.us-west-1.amazonaws.com/LwaCas13a_NZ_KI271421.fasta.fai"",""tracks"":[{""name"":""RefseqGenes"",""url"":""https://igvtest.s3.us-west-1.amazonaws.com/LwaCas13a_NZ_KI271421.gff"",""indexed"":false,""format"":'gff3',""displayMode"":""SQUISHED"",colorBy:""type"",colorTable:{""CDS"":""yellow"",""ORF"":""yellow"",""gene"":""green"",""tRNA"":""pink"",""dr"":""black"",""dr2"":""black"",""DR"":""black"",""repeat_region"":""black"",""*"":""grey""}}]},roi:[{name:""LwaCas13a"",color:""rgba(3,52,249,0.25)"",features:[{chr:""LwaCas13a_NZ_KI271421"",start:65814,end:69272},]}]}"
Cas12U4,"{locus:'LwaCas13a_NZ_KI271421:64314-70772',reference:{""id"":""LwaCas13a_NZ_KI271421"",""name"":""LwaCas13a_NZ_KI271421"",""fastaURL"":""https://igvtest.s3.us-west-1.amazonaws.com/LwaCas13a_NZ_KI271421.fasta"",""indexURL"":""https://igvtest.s3.us-west-1.amazonaws.com/LwaCas13a_NZ_KI271421.fasta.fai"",""tracks"":[{""name"":""RefseqGenes"",""url"":""https://igvtest.s3.us-west-1.amazonaws.com/LwaCas13a_NZ_KI271421.gff"",""indexed"":false,""format"":'gff3',""displayMode"":""SQUISHED"",colorBy:""type"",colorTable:{""CDS"":""yellow"",""ORF"":""yellow"",""gene"":""green"",""tRNA"":""pink"",""dr"":""black"",""dr2"":""black"",""DR"":""black"",""repeat_region"":""black"",""*"":""grey""}}]},roi:[{name:""LwaCas13a"",color:""rgba(3,52,249,0.25)"",features:[{chr:""LwaCas13a_NZ_KI271421"",start:65814,end:69272},]}]}"
FnCas9b,"{locus:'FnCas9b_CP021490:10661-18550',reference:{""id"":""FnCas9b_CP021490"",""name"":""FnCas9b_CP021490"",""fastaURL"":""https://igvtest.s3.us-west-1.amazonaws.com/FnCas9b_CP021490.fasta"",""indexURL"":""https://igvtest.s3.us-west-1.amazonaws.com/FnCas9b_CP021490.fasta.fai"",""tracks"":[{""name"":""RefseqGenes"",""url"":""https://igvtest.s3.us-west-1.amazonaws.com/FnCas9b_CP021490.gff"",""indexed"":false,""format"":'gff3',""displayMode"":""SQUISHED"",colorBy:""type"",colorTable:{""CDS"":""yellow"",""ORF"":""yellow"",""gene"":""green"",""tRNA"":""pink"",""dr"":""black"",""dr2"":""black"",""DR"":""black"",""repeat_region"":""black"",""*"":""grey""}}]},roi:[{name:""FnCas9b"",color:""rgba(3,52,249,0.25)"",features:[{chr:""FnCas9b_CP021490"",start:12161,end:17050},]}]}"
Cas12U2,"{locus:'Cas12U2_CP001287:7968-12452',reference:{""id"":""Cas12U2_CP001287"",""name"":""Cas12U2_CP001287"",""fastaURL"":""https://igvtest.s3.us-west-1.amazonaws.com/Cas12U2_CP001287.fasta"",""indexURL"":""https://igvtest.s3.us-west-1.amazonaws.com/Cas12U2_CP001287.fasta.fai"",""tracks"":[{""name"":""RefseqGenes"",""url"":""https://igvtest.s3.us-west-1.amazonaws.com/Cas12U2_CP001287.gff"",""indexed"":false,""format"":'gff3',""displayMode"":""SQUISHED"",colorBy:""type"",colorTable:{""CDS"":""yellow"",""ORF"":""yellow"",""gene"":""green"",""tRNA"":""pink"",""dr"":""black"",""dr2"":""black"",""DR"":""black"",""repeat_region"":""black"",""*"":""grey""}}]},roi:[{name:""Cas12U2"",color:""rgba(3,52,249,0.25)"",features:[{chr:""Cas12U2_CP001287"",start:9468,end:10952},]}]}"
LbuCas13a,"{locus:'LbuCas13a_CP001685:6891-13370',reference:{""id"":""LbuCas13a_CP001685"",""name"":""LbuCas13a_CP001685"",""fastaURL"":""https://igvtest.s3.us-west-1.amazonaws.com/LbuCas13a_CP001685.fasta"",""indexURL"":""https://igvtest.s3.us-west-1.amazonaws.com/LbuCas13a_CP001685.fasta.fai"",""tracks"":[{""name"":""RefseqGenes"",""url"":""https://igvtest.s3.us-west-1.amazonaws.com/LbuCas13a_CP001685.gff"",""indexed"":false,""format"":'gff3',""displayMode"":""SQUISHED"",colorBy:""type"",colorTable:{""CDS"":""yellow"",""ORF"":""yellow"",""gene"":""green"",""tRNA"":""pink"",""dr"":""black"",""dr2"":""black"",""DR"":""black"",""repeat_region"":""black"",""*"":""grey""}}]},roi:[{name:""LbuCas13a"",color:""rgba(3,52,249,0.25)"",features:[{chr:""LbuCas13a_CP001685"",start:8391,end:11870},]}]}"
Cas12h1,"{locus:'Cas12h1_Ga0309773_1000880:2305-7917',reference:{""id"":""Cas12h1_Ga0309773_1000880"",""name"":""Cas12h1_Ga0309773_1000880"",""fastaURL"":""https://igvtest.s3.us-west-1.amazonaws.com/Cas12h1_Ga0309773_1000880.fasta"",""indexURL"":""https://igvtest.s3.us-west-1.amazonaws.com/Cas12h1_Ga0309773_1000880.fasta.fai"",""tracks"":[{""name"":""RefseqGenes"",""url"":""https://igvtest.s3.us-west-1.amazonaws.com/Cas12h1_Ga0309773_1000880.gff"",""indexed"":false,""format"":'gff3',""displayMode"":""SQUISHED"",colorBy:""type"",colorTable:{""CDS"":""yellow"",""ORF"":""yellow"",""gene"":""green"",""tRNA"":""pink"",""dr"":""black"",""dr2"":""black"",""DR"":""black"",""repeat_region"":""black"",""*"":""grey""}}]},roi:[{name:""Cas12h1"",color:""rgba(3,52,249,0.25)"",features:[{chr:""Cas12h1_Ga0309773_1000880"",start:3805,end:6417},]}]}"
Cas12Lambda2,"{locus:'Cas12Lambda2_pBA1319:-1349-1701',reference:{""id"":""Cas12Lambda2_pBA1319"",""name"":""Cas12Lambda2_pBA1319"",""fastaURL"":""https://igvtest.s3.us-west-1.amazonaws.com/Cas12Lambda2_pBA1319.fasta"",""indexURL"":""https://igvtest.s3.us-west-1.amazonaws.com/Cas12Lambda2_pBA1319.fasta.fai"",""tracks"":[{""name"":""RefseqGenes"",""url"":""https://igvtest.s3.us-west-1.amazonaws.com/Cas12Lambda2_pBA1319.gff"",""indexed"":false,""format"":'gff3',""displayMode"":""SQUISHED"",colorBy:""type"",colorTable:{""CDS"":""yellow"",""ORF"":""yellow"",""gene"":""green"",""tRNA"":""pink"",""dr"":""black"",""dr2"":""black"",""DR"":""black"",""repeat_region"":""black"",""*"":""grey""}}]},roi:[{name:""Cas12Lambda2"",color:""rgba(3,52,249,0.25)"",features:[{chr:""Cas12Lambda2_pBA1319"",start:151,end:201},]}]}"
SpyCas9a,"{locus:'SpyCas9a_NC_002737:18501-25607',reference:{""id"":""SpyCas9a_NC_002737"",""name"":""SpyCas9a_NC_002737"",""fastaURL"":""https://igvtest.s3.us-west-1.amazonaws.com/SpyCas9a_NC_002737.fasta"",""indexURL"":""https://igvtest.s3.us-west-1.amazonaws.com/SpyCas9a_NC_002737.fasta.fai"",""tracks"":[{""name"":""RefseqGenes"",""url"":""https://igvtest.s3.us-west-1.amazonaws.com/SpyCas9a_NC_002737.gff"",""indexed"":false,""format"":'gff3',""displayMode"":""SQUISHED"",colorBy:""type"",colorTable:{""CDS"":""yellow"",""ORF"":""yellow"",""gene"":""green"",""tRNA"":""pink"",""dr"":""black"",""dr2"":""black"",""DR"":""black"",""repeat_region"":""black"",""*"":""grey""}}]},roi:[{name:""SpyCas9a"",color:""rgba(3,52,249,0.25)"",features:[{chr:""SpyCas9a_NC_002737"",start:20001,end:24107},]}]}"
Cas12d,"{locus:'Cas12d_Plasmid_Harrington_2020:1981-8808',reference:{""id"":""Cas12d_Plasmid_Harrington_2020"",""name"":""Cas12d_Plasmid_Harrington_2020"",""fastaURL"":""https://igvtest.s3.us-west-1.amazonaws.com/Cas12d_Plasmid_Harrington_2020.fasta"",""indexURL"":""https://igvtest.s3.us-west-1.amazonaws.com/Cas12d_Plasmid_Harrington_2020.fasta.fai"",""tracks"":[{""name"":""RefseqGenes"",""url"":""https://igvtest.s3.us-west-1.amazonaws.com/Cas12d_Plasmid_Harrington_2020.gff"",""indexed"":false,""format"":'gff3',""displayMode"":""SQUISHED"",colorBy:""type"",colorTable:{""CDS"":""yellow"",""ORF"":""yellow"",""gene"":""green"",""tRNA"":""pink"",""dr"":""black"",""dr2"":""black"",""DR"":""black"",""repeat_region"":""black"",""*"":""grey""}}]},roi:[{name:""Cas12d"",color:""rgba(3,52,249,0.25)"",features:[{chr:""Cas12d_Plasmid_Harrington_2020"",start:3481,end:7308},]}]}"
Cas12j2,"{locus:'Cas12j2_SR-VP-4-6-scaffold-141-559231-prodigal:122730-128003',reference:{""id"":""Cas12j2_SR-VP-4-6-scaffold-141-559231-prodigal"",""name"":""Cas12j2_SR-VP-4-6-scaffold-141-559231-prodigal"",""fastaURL"":""https://igvtest.s3.us-west-1.amazonaws.com/Cas12j2_SR-VP-4-6-scaffold-141-559231-prodigal.fasta"",""indexURL"":""https://igvtest.s3.us-west-1.amazonaws.com/Cas12j2_SR-VP-4-6-scaffold-141-559231-prodigal.fasta.fai"",""tracks"":[{""name"":""RefseqGenes"",""url"":""https://igvtest.s3.us-west-1.amazonaws.com/Cas12j2_SR-VP-4-6-scaffold-141-559231-prodigal.gff"",""indexed"":false,""format"":'gff3',""displayMode"":""SQUISHED"",colorBy:""type"",colorTable:{""CDS"":""yellow"",""ORF"":""yellow"",""gene"":""green"",""tRNA"":""pink"",""dr"":""black"",""dr2"":""black"",""DR"":""black"",""repeat_region"":""black"",""*"":""grey""}}]},roi:[{name:""Cas12j2"",color:""rgba(3,52,249,0.25)"",features:[{chr:""Cas12j2_SR-VP-4-6-scaffold-141-559231-prodigal"",start:124230,end:126503},]}]}"
SauCas9,"{locus:'SauCas9_HE980450:43849-50010',reference:{""id"":""SauCas9_HE980450"",""name"":""SauCas9_HE980450"",""fastaURL"":""https://igvtest.s3.us-west-1.amazonaws.com/SauCas9_HE980450.fasta"",""indexURL"":""https://igvtest.s3.us-west-1.amazonaws.com/SauCas9_HE980450.fasta.fai"",""tracks"":[{""name"":""RefseqGenes"",""url"":""https://igvtest.s3.us-west-1.amazonaws.com/SauCas9_HE980450.gff"",""indexed"":false,""format"":'gff3',""displayMode"":""SQUISHED"",colorBy:""type"",colorTable:{""CDS"":""yellow"",""ORF"":""yellow"",""gene"":""green"",""tRNA"":""pink"",""dr"":""black"",""dr2"":""black"",""DR"":""black"",""repeat_region"":""black"",""*"":""grey""}}]},roi:[{name:""SauCas9"",color:""rgba(3,52,249,0.25)"",features:[{chr:""SauCas9_HE980450"",start:45349,end:48510},]}]}"
UnCas12c2,"{locus:'UnCas12c2_Ga0100402_1005772:13369-20025',reference:{""id"":""UnCas12c2_Ga0100402_1005772"",""name"":""UnCas12c2_Ga0100402_1005772"",""fastaURL"":""https://igvtest.s3.us-west-1.amazonaws.com/UnCas12c2_Ga0100402_1005772.fasta"",""indexURL"":""https://igvtest.s3.us-west-1.amazonaws.com/UnCas12c2_Ga0100402_1005772.fasta.fai"",""tracks"":[{""name"":""RefseqGenes"",""url"":""https://igvtest.s3.us-west-1.amazonaws.com/UnCas12c2_Ga0100402_1005772.gff"",""indexed"":false,""format"":'gff3',""displayMode"":""SQUISHED"",colorBy:""type"",colorTable:{""CDS"":""yellow"",""ORF"":""yellow"",""gene"":""green"",""tRNA"":""pink"",""dr"":""black"",""dr2"":""black"",""DR"":""black"",""repeat_region"":""black"",""*"":""grey""}}]},roi:[{name:""UnCas12c2"",color:""rgba(3,52,249,0.25)"",features:[{chr:""UnCas12c2_Ga0100402_1005772"",start:14869,end:18525},]}]}"
Cas12m,"{locus:'Cas12m_NZ_LSKL01000323:10055-14845',reference:{""id"":""Cas12m_NZ_LSKL01000323"",""name"":""Cas12m_NZ_LSKL01000323"",""fastaURL"":""https://igvtest.s3.us-west-1.amazonaws.com/Cas12m_NZ_LSKL01000323.fasta"",""indexURL"":""https://igvtest.s3.us-west-1.amazonaws.com/Cas12m_NZ_LSKL01000323.fasta.fai"",""tracks"":[{""name"":""RefseqGenes"",""url"":""https://igvtest.s3.us-west-1.amazonaws.com/Cas12m_NZ_LSKL01000323.gff"",""indexed"":false,""format"":'gff3',""displayMode"":""SQUISHED"",colorBy:""type"",colorTable:{""CDS"":""yellow"",""ORF"":""yellow"",""gene"":""green"",""tRNA"":""pink"",""dr"":""black"",""dr2"":""black"",""DR"":""black"",""repeat_region"":""black"",""*"":""grey""}}]},roi:[{name:""Cas12m"",color:""rgba(3,52,249,0.25)"",features:[{chr:""Cas12m_NZ_LSKL01000323"",start:11555,end:13345},]}]}"
Asp2Cas12L,"{locus:'Asp2Cas12L_QEUN01000014:49796-55369',reference:{""id"":""Asp2Cas12L_QEUN01000014"",""name"":""Asp2Cas12L_QEUN01000014"",""fastaURL"":""https://igvtest.s3.us-west-1.amazonaws.com/Asp2Cas12L_QEUN01000014.fasta"",""indexURL"":""https://igvtest.s3.us-west-1.amazonaws.com/Asp2Cas12L_QEUN01000014.fasta.fai"",""tracks"":[{""name"":""RefseqGenes"",""url"":""https://igvtest.s3.us-west-1.amazonaws.com/Asp2Cas12L_QEUN01000014.gff"",""indexed"":false,""format"":'gff3',""displayMode"":""SQUISHED"",colorBy:""type"",colorTable:{""CDS"":""yellow"",""ORF"":""yellow"",""gene"":""green"",""tRNA"":""pink"",""dr"":""black"",""dr2"":""black"",""DR"":""black"",""repeat_region"":""black"",""*"":""grey""}}]},roi:[{name:""Asp2Cas12L"",color:""rgba(3,52,249,0.25)"",features:[{chr:""Asp2Cas12L_QEUN01000014"",start:51296,end:53869},]}]}"
Cas12c1,"{locus:'Cas12c1_NZ_CATAIM010000004:42267-49175',reference:{""id"":""Cas12c1_NZ_CATAIM010000004"",""name"":""Cas12c1_NZ_CATAIM010000004"",""fastaURL"":""https://igvtest.s3.us-west-1.amazonaws.com/Cas12c1_NZ_CATAIM010000004.fasta"",""indexURL"":""https://igvtest.s3.us-west-1.amazonaws.com/Cas12c1_NZ_CATAIM010000004.fasta.fai"",""tracks"":[{""name"":""RefseqGenes"",""url"":""https://igvtest.s3.us-west-1.amazonaws.com/Cas12c1_NZ_CATAIM010000004.gff"",""indexed"":false,""format"":'gff3',""displayMode"":""SQUISHED"",colorBy:""type"",colorTable:{""CDS"":""yellow"",""ORF"":""yellow"",""gene"":""green"",""tRNA"":""pink"",""dr"":""black"",""dr2"":""black"",""DR"":""black"",""repeat_region"":""black"",""*"":""grey""}}]},roi:[{name:""Cas12c1"",color:""rgba(3,52,249,0.25)"",features:[{chr:""Cas12c1_NZ_CATAIM010000004"",start:43767,end:47675},]}]}"
PspCas13b,"{locus:'PspCas13b_NZ_JXQL01000055:45745-52017',reference:{""id"":""PspCas13b_NZ_JXQL01000055"",""name"":""PspCas13b_NZ_JXQL01000055"",""fastaURL"":""https://igvtest.s3.us-west-1.amazonaws.com/PspCas13b_NZ_JXQL01000055.fasta"",""indexURL"":""https://igvtest.s3.us-west-1.amazonaws.com/PspCas13b_NZ_JXQL01000055.fasta.fai"",""tracks"":[{""name"":""RefseqGenes"",""url"":""https://igvtest.s3.us-west-1.amazonaws.com/PspCas13b_NZ_JXQL01000055.gff"",""indexed"":false,""format"":'gff3',""displayMode"":""SQUISHED"",colorBy:""type"",colorTable:{""CDS"":""yellow"",""ORF"":""yellow"",""gene"":""green"",""tRNA"":""pink"",""dr"":""black"",""dr2"":""black"",""DR"":""black"",""repeat_region"":""black"",""*"":""grey""}}]},roi:[{name:""PspCas13b"",color:""rgba(3,52,249,0.25)"",features:[{chr:""PspCas13b_NZ_JXQL01000055"",start:47245,end:50517},]}]}"
AacCas12b,"{locus:'AacCas12b_NZ_AURB01000127:42076-48465',reference:{""id"":""AacCas12b_NZ_AURB01000127"",""name"":""AacCas12b_NZ_AURB01000127"",""fastaURL"":""https://igvtest.s3.us-west-1.amazonaws.com/AacCas12b_NZ_AURB01000127.fasta"",""indexURL"":""https://igvtest.s3.us-west-1.amazonaws.com/AacCas12b_NZ_AURB01000127.fasta.fai"",""tracks"":[{""name"":""RefseqGenes"",""url"":""https://igvtest.s3.us-west-1.amazonaws.com/AacCas12b_NZ_AURB01000127.gff"",""indexed"":false,""format"":'gff3',""displayMode"":""SQUISHED"",colorBy:""type"",colorTable:{""CDS"":""yellow"",""ORF"":""yellow"",""gene"":""green"",""tRNA"":""pink"",""dr"":""black"",""dr2"":""black"",""DR"":""black"",""repeat_region"":""black"",""*"":""grey""}}]},roi:[{name:""AacCas12b"",color:""rgba(3,52,249,0.25)"",features:[{chr:""AacCas12b_NZ_AURB01000127"",start:43576,end:46965},]}]}"
Cas9d,"{locus:'Cas9d_MGQA01000002:13780-19023',reference:{""id"":""Cas9d_MGQA01000002"",""name"":""Cas9d_MGQA01000002"",""fastaURL"":""https://igvtest.s3.us-west-1.amazonaws.com/Cas9d_MGQA01000002.fasta"",""indexURL"":""https://igvtest.s3.us-west-1.amazonaws.com/Cas9d_MGQA01000002.fasta.fai"",""tracks"":[{""name"":""RefseqGenes"",""url"":""https://igvtest.s3.us-west-1.amazonaws.com/Cas9d_MGQA01000002.gff"",""indexed"":false,""format"":'gff3',""displayMode"":""SQUISHED"",colorBy:""type"",colorTable:{""CDS"":""yellow"",""ORF"":""yellow"",""gene"":""green"",""tRNA"":""pink"",""dr"":""black"",""dr2"":""black"",""DR"":""black"",""repeat_region"":""black"",""*"":""grey""}}]},roi:[{name:""Cas9d"",color:""rgba(3,52,249,0.25)"",features:[{chr:""Cas9d_MGQA01000002"",start:15280,end:17523},]}]}"
ShCas12k,"{locus:'ShCas12k_NZ_KK073768:18501-23420',reference:{""id"":""ShCas12k_NZ_KK073768"",""name"":""ShCas12k_NZ_KK073768"",""fastaURL"":""https://igvtest.s3.us-west-1.amazonaws.com/ShCas12k_NZ_KK073768.fasta"",""indexURL"":""https://igvtest.s3.us-west-1.amazonaws.com/ShCas12k_NZ_KK073768.fasta.fai"",""tracks"":[{""name"":""RefseqGenes"",""url"":""https://igvtest.s3.us-west-1.amazonaws.com/ShCas12k_NZ_KK073768.gff"",""indexed"":false,""format"":'gff3',""displayMode"":""SQUISHED"",colorBy:""type"",colorTable:{""CDS"":""yellow"",""ORF"":""yellow"",""gene"":""green"",""tRNA"":""pink"",""dr"":""black"",""dr2"":""black"",""DR"":""black"",""repeat_region"":""black"",""*"":""grey""}}]},roi:[{name:""ShCas12k"",color:""rgba(3,52,249,0.25)"",features:[{chr:""ShCas12k_NZ_KK073768"",start:20001,end:21920},]}]}"
Cas13c,"{locus:'Cas13c_NZ_JHXW01000011:8853-15218',reference:{""id"":""Cas13c_NZ_JHXW01000011"",""name"":""Cas13c_NZ_JHXW01000011"",""fastaURL"":""https://igvtest.s3.us-west-1.amazonaws.com/Cas13c_NZ_JHXW01000011.fasta"",""indexURL"":""https://igvtest.s3.us-west-1.amazonaws.com/Cas13c_NZ_JHXW01000011.fasta.fai"",""tracks"":[{""name"":""RefseqGenes"",""url"":""https://igvtest.s3.us-west-1.amazonaws.com/Cas13c_NZ_JHXW01000011.gff"",""indexed"":false,""format"":'gff3',""displayMode"":""SQUISHED"",colorBy:""type"",colorTable:{""CDS"":""yellow"",""ORF"":""yellow"",""gene"":""green"",""tRNA"":""pink"",""dr"":""black"",""dr2"":""black"",""DR"":""black"",""repeat_region"":""black"",""*"":""grey""}}]},roi:[{name:""Cas13c"",color:""rgba(3,52,249,0.25)"",features:[{chr:""Cas13c_NZ_JHXW01000011"",start:10353,end:13718},]}]}"
LbCas12a,"{locus:'LbCas12a_NZ_JNKS01000011:17128-23868',reference:{""id"":""LbCas12a_NZ_JNKS01000011"",""name"":""LbCas12a_NZ_JNKS01000011"",""fastaURL"":""https://igvtest.s3.us-west-1.amazonaws.com/LbCas12a_NZ_JNKS01000011.fasta"",""indexURL"":""https://igvtest.s3.us-west-1.amazonaws.com/LbCas12a_NZ_JNKS01000011.fasta.fai"",""tracks"":[{""name"":""RefseqGenes"",""url"":""https://igvtest.s3.us-west-1.amazonaws.com/LbCas12a_NZ_JNKS01000011.gff"",""indexed"":false,""format"":'gff3',""displayMode"":""SQUISHED"",colorBy:""type"",colorTable:{""CDS"":""yellow"",""ORF"":""yellow"",""gene"":""green"",""tRNA"":""pink"",""dr"":""black"",""dr2"":""black"",""DR"":""black"",""repeat_region"":""black"",""*"":""grey""}}]},roi:[{name:""LbCas12a"",color:""rgba(3,52,249,0.25)"",features:[{chr:""LbCas12a_NZ_JNKS01000011"",start:18628,end:22368},]}]}"
HEARO,"{locus:'HEARO_NBMI01000042:30832-35118',reference:{""id"":""HEARO_NBMI01000042"",""name"":""HEARO_NBMI01000042"",""fastaURL"":""https://igvtest.s3.us-west-1.amazonaws.com/HEARO_NBMI01000042.fasta"",""indexURL"":""https://igvtest.s3.us-west-1.amazonaws.com/HEARO_NBMI01000042.fasta.fai"",""tracks"":[{""name"":""RefseqGenes"",""url"":""https://igvtest.s3.us-west-1.amazonaws.com/HEARO_NBMI01000042.gff"",""indexed"":false,""format"":'gff3',""displayMode"":""SQUISHED"",colorBy:""type"",colorTable:{""CDS"":""yellow"",""ORF"":""yellow"",""gene"":""green"",""tRNA"":""pink"",""dr"":""black"",""dr2"":""black"",""DR"":""black"",""repeat_region"":""black"",""*"":""grey""}}]},roi:[{name:""HEARO"",color:""rgba(3,52,249,0.25)"",features:[{chr:""HEARO_NBMI01000042"",start:32332,end:33618},]}]}"
Cas12U3,"{locus:'Cas12U3_MPDK01000047:262-4530',reference:{""id"":""Cas12U3_MPDK01000047"",""name"":""Cas12U3_MPDK01000047"",""fastaURL"":""https://igvtest.s3.us-west-1.amazonaws.com/Cas12U3_MPDK01000047.fasta"",""indexURL"":""https://igvtest.s3.us-west-1.amazonaws.com/Cas12U3_MPDK01000047.fasta.fai"",""tracks"":[{""name"":""RefseqGenes"",""url"":""https://igvtest.s3.us-west-1.amazonaws.com/Cas12U3_MPDK01000047.gff"",""indexed"":false,""format"":'gff3',""displayMode"":""SQUISHED"",colorBy:""type"",colorTable:{""CDS"":""yellow"",""ORF"":""yellow"",""gene"":""green"",""tRNA"":""pink"",""dr"":""black"",""dr2"":""black"",""DR"":""black"",""repeat_region"":""black"",""*"":""grey""}}]},roi:[{name:""Cas12U3"",color:""rgba(3,52,249,0.25)"",features:[{chr:""Cas12U3_MPDK01000047"",start:1762,end:3030},]}]}"
TnpB,"{locus:'TnpB_NC_001263:571-4797',reference:{""id"":""TnpB_NC_001263"",""name"":""TnpB_NC_001263"",""fastaURL"":""https://igvtest.s3.us-west-1.amazonaws.com/TnpB_NC_001263.fasta"",""indexURL"":""https://igvtest.s3.us-west-1.amazonaws.com/TnpB_NC_001263.fasta.fai"",""tracks"":[{""name"":""RefseqGenes"",""url"":""https://igvtest.s3.us-west-1.amazonaws.com/TnpB_NC_001263.gff"",""indexed"":false,""format"":'gff3',""displayMode"":""SQUISHED"",colorBy:""type"",colorTable:{""CDS"":""yellow"",""ORF"":""yellow"",""gene"":""green"",""tRNA"":""pink"",""dr"":""black"",""dr2"":""black"",""DR"":""black"",""repeat_region"":""black"",""*"":""grey""}}]},roi:[{name:""TnpB"",color:""rgba(3,52,249,0.25)"",features:[{chr:""TnpB_NC_001263"",start:2071,end:3297},]}]}"
AsCas12a,"{locus:'AsCas12a_NZ_AWUR01000016:22720-29643',reference:{""id"":""AsCas12a_NZ_AWUR01000016"",""name"":""AsCas12a_NZ_AWUR01000016"",""fastaURL"":""https://igvtest.s3.us-west-1.amazonaws.com/AsCas12a_NZ_AWUR01000016.fasta"",""indexURL"":""https://igvtest.s3.us-west-1.amazonaws.com/AsCas12a_NZ_AWUR01000016.fasta.fai"",""tracks"":[{""name"":""RefseqGenes"",""url"":""https://igvtest.s3.us-west-1.amazonaws.com/AsCas12a_NZ_AWUR01000016.gff"",""indexed"":false,""format"":'gff3',""displayMode"":""SQUISHED"",colorBy:""type"",colorTable:{""CDS"":""yellow"",""ORF"":""yellow"",""gene"":""green"",""tRNA"":""pink"",""dr"":""black"",""dr2"":""black"",""DR"":""black"",""repeat_region"":""black"",""*"":""grey""}}]},roi:[{name:""AsCas12a"",color:""rgba(3,52,249,0.25)"",features:[{chr:""AsCas12a_NZ_AWUR01000016"",start:24220,end:28143},]}]}"
CjeCas9,"{locus:'CjeCas9_NC_002163:6231-12185',reference:{""id"":""CjeCas9_NC_002163"",""name"":""CjeCas9_NC_002163"",""fastaURL"":""https://igvtest.s3.us-west-1.amazonaws.com/CjeCas9_NC_002163.fasta"",""indexURL"":""https://igvtest.s3.us-west-1.amazonaws.com/CjeCas9_NC_002163.fasta.fai"",""tracks"":[{""name"":""RefseqGenes"",""url"":""https://igvtest.s3.us-west-1.amazonaws.com/CjeCas9_NC_002163.gff"",""indexed"":false,""format"":'gff3',""displayMode"":""SQUISHED"",colorBy:""type"",colorTable:{""CDS"":""yellow"",""ORF"":""yellow"",""gene"":""green"",""tRNA"":""pink"",""dr"":""black"",""dr2"":""black"",""DR"":""black"",""repeat_region"":""black"",""*"":""grey""}}]},roi:[{name:""CjeCas9"",color:""rgba(3,52,249,0.25)"",features:[{chr:""CjeCas9_NC_002163"",start:7731,end:10685},]}]}"
Cas12g,"{locus:'Cas12g_ENA_ORXB01000005:2274-7577',reference:{""id"":""Cas12g_ENA_ORXB01000005"",""name"":""Cas12g_ENA_ORXB01000005"",""fastaURL"":""https://igvtest.s3.us-west-1.amazonaws.com/Cas12g_ENA_ORXB01000005.fasta"",""indexURL"":""https://igvtest.s3.us-west-1.amazonaws.com/Cas12g_ENA_ORXB01000005.fasta.fai"",""tracks"":[{""name"":""RefseqGenes"",""url"":""https://igvtest.s3.us-west-1.amazonaws.com/Cas12g_ENA_ORXB01000005.gff"",""indexed"":false,""format"":'gff3',""displayMode"":""SQUISHED"",colorBy:""type"",colorTable:{""CDS"":""yellow"",""ORF"":""yellow"",""gene"":""green"",""tRNA"":""pink"",""dr"":""black"",""dr2"":""black"",""DR"":""black"",""repeat_region"":""black"",""*"":""grey""}}]},roi:[{name:""Cas12g"",color:""rgba(3,52,249,0.25)"",features:[{chr:""Cas12g_ENA_ORXB01000005"",start:3774,end:6077},]}]}"
Cas13an2,"{locus:'Cas13an2_NZ_CP018154:1-3473',reference:{""id"":""Cas13an2_NZ_CP018154"",""name"":""Cas13an2_NZ_CP018154"",""fastaURL"":""https://igvtest.s3.us-west-1.amazonaws.com/Cas13an2_NZ_CP018154.fasta"",""indexURL"":""https://igvtest.s3.us-west-1.amazonaws.com/Cas13an2.fasta.fai"",""tracks"":[{""name"":""RefseqGenes"",""url"":""https://igvtest.s3.us-west-1.amazonaws.com/Cas13an2_NZ_CP018154.gff"",""indexed"":false,""format"":'gff3',""displayMode"":""SQUISHED"",colorBy:""type"",colorTable:{""CDS"":""yellow"",""ORF"":""yellow"",""gene"":""green"",""tRNA"":""pink"",""dr"":""black"",""dr2"":""black"",""DR"":""black"",""repeat_region"":""black"",""*"":""grey""}}]},roi:[{name:""Cas12g"",color:""rgba(3,52,249,0.25)"",features:[{chr:""Cas12g_ENA_ORXB01000005"",start:3774,end:6077},]}]}"